Nome;endereço;bairro;fone;especialidade;horario;como_usar;latitude;longitude;Opcao
Fundacão Martiniano Fernandes (Imip Hospitalar);Rua Dos Coelhos, 450 - Boa Vista;Boa Vista;;Varias Especialidades;24H;Os usuários são encaminhadas pelas  unidade de saúde onde realizam suas consulta. os atendimentos de urgências e emergências por demanda espontânea.;-8,0676663;-34,8902403;Hospital
Hospital Santo Amaro (Irmandade Da Santa Casa De Misericórdia Do Recife);Avenida Cruz Cabuga, 1563 - Santo Amaro;Santo Amaro;3412 3800;Várias Especialidades;24H;Os usuários são encaminhadas pelas  unidade de saúde onde realizam suas consulta. os atendimentos de urgências e emergências por demanda espontânea.;-8,0422253;-34,874358;Hospital
Casa De Saúde Maria Lucinda (Fundação Manoel Da Silva Almeida);Avenida Parnamirim, 95 - Parnamirim;Parnamirim;3267 4201;Várias Especialidades;24H;Os usuários são encaminhadas pelas  unidade de saúde onde realizam suas consulta. os atendimentos de urgências e emergências por demanda espontânea.;-8,0356503;-34,9077888;Hospital
Us 163 Hospital De Pediatria Helena Moura;Rua Conego Barata, S/N  - Tamarineira;Tamarineira;3355-3297;Spa Infantil, Radiologista, Pediatria, Pneumologista Infantil, Fisioterapia;24H;Os usuários são encaminhadas pelas  unidade de saúde onde realizam suas consulta. os atendimentos de urgências e emergências por demanda espontânea.;-8,03198477055;-34,9011284002;Hospital
Hospital Evangélico De Pernambuco;Rua Frei Jaboatao, 301 - Torre;Torre;3228 2010;Várias Especialidades;24H;Os usuários são encaminhadas pelas  unidade de saúde onde realizam suas consulta. os atendimentos de urgências e emergências por demanda espontânea.;-8,038833;-34,90659;Hospital
Us 444 Hospital Da Mulher De Recife Dra Merces Pontes Cunha;Br 101 Sul, N/Nº - Curado;Curado;32178125;Obstetricia, Infectologia, Endocrinologia, Cardiologia, Neurologia, Clinica Medica, Mastologia, Uroginecologia, Nefrologia, Hematologia, Psiquiatria, Hepatologia, Cirurgia Plastica, Neonatologia, Psicologia, Sexologia, Ginecologia. Exames De Imagem (Tomografia, Ressonância Magnética, Ultra-Som, Raio X, Endoscopia).;24H;O atendimento é exclusivo para mulheres residentes no recife,  referenciadas pela unidade de saúde da família (usf) mais próxima da paciente. o acesso das usuárias respeita o fluxo de marcação estabelecido pelo sistema de regulação da prefeitura do recife.;-8,07063930706;-34,9410991217;Hospital
Us 218 Psf Coque;Rua Guapirama, 65, Coque  - Ilha Joana Bezerra;Ilha Joana Bezerra;3355-4656;Clínico Geral, Enfermagem  E Odontologia;Segunda A Sexta 08:00 Às 17:00;Para ter acesso o usuário deve residir na área de cobertura e realizar cadastro prévio na unidade.;-8,071519065;-34,9000069344;USF
Us 232 Psf Ilha Santa Terezinha;Rua Artenis, 9  - Santo Amaro;Santo Amaro;3355-4668;Clínico Geral, Enfermagem  E Odontologia;Segunda A Sexta 08:00 Às 17:00;Para ter acesso o usuário deve residir na área de cobertura e realizar cadastro prévio na unidade.;-8,03967592105;-34,8769693087;USF
Us 240 Psf Coelhos I;Rua Biturana, 110 - Coelhos;Coelhos;3355-4648;Clínico Geral, Enfermagem, Odontologia E Nasf;Segunda A Sexta 08:00 Às 17:00;Para ter acesso o usuário deve residir na área de cobertura e realizar cadastro prévio na unidade.;-8,06824062912;-34,8904550466;USF
Us 241 Psf Coelhos Ii;Rua Dr Jose Mariano, 699 - Coelhos;Coelhos;3355-4653;Clínico Geral, Enfermagem  E Odontologia;Segunda A Sexta 08:00 Às 17:00;Para ter acesso o usuário deve residir na área de cobertura e realizar cadastro prévio na unidade.;-8,06616154748;-34,888393249;USF
Us 242 Psf Santo Amaro I Sítio Do Céu;Rua Anchieta, 520  - Santo Amaro;Santo Amaro;3355-4704;Clínico Geral, Enfermagem  E Odontologia;Segunda A Sexta 08:00 Às 17:00;Para ter acesso o usuário deve residir na área de cobertura e realizar cadastro prévio na unidade.;-8,04153138771;-34,8804027252;USF
Us 243 Psf Santo Amaro Ii;Rua Buarque De Macedo, 65  - Santo Amaro;Santo Amaro;3355-6798;Clínico Geral, Enfermagem  E Odontologia;Segunda A Sexta 08:00 Às 17:00;Para ter acesso o usuário deve residir na área de cobertura e realizar cadastro prévio na unidade.;-8,04579202391;-34,8782534595;USF
Us 278 Psf Nossa Sra Do Pilar Bairro Do Recife;Av Militar, S/N - Bairro Do Recife;Bairro Do Recife;3355-6691;Clínico Geral, Enfermagem  E Odontologia;Segunda A Sexta 08:00 Às 17:00;Para ter acesso o usuário deve residir na área de cobertura e realizar cadastro prévio na unidade.;-8,05259662977;-34,8723900875;USF
Us 285 Psf São José Do Coque;Av Central, 10 - Ilha Joana Bezerra;Ilha Joana Bezerra;3355-6226;Clínico Geral, Enfermagem  E Odontologia;Segunda A Sexta 08:00 Às 17:00;Para ter acesso o usuário deve residir na área de cobertura e realizar cadastro prévio na unidade.;-8,07286352435;-34,8961720911;USF
Us 334 Psf Cabanga;Rua Escritor Souza Barros, 334 - Cabanga;Cabanga;3355-6418;Clínico Geral, Enfermagem  E Odontologia;Segunda A Sexta 08:00 Às 17:00;Para ter acesso o usuário deve residir na área de cobertura e realizar cadastro prévio na unidade.;-8,07964791834;-34,9001315667;USF
Us 404 Psf Santo Amaro Iii;Av Norte Miguel Arraes De Alencar, 1271 - Santo Amaro;Santo Amaro;5555-5555;Clínico Geral, Enfermagem  E Odontologia;Segunda A Sexta 08:00 Às 17:00;Para ter acesso o usuário deve residir na área de cobertura e realizar cadastro prévio na unidade.;-8,04365190521;-34,883484296;USF
Us 138 Psf Dr Luiz Wilson;Rua Cha De Alegria, S/N - Bomba Do Hemeterio;Bomba Do Hemeterio;3355-3165;Clínico Geral, Enfermagem  E Odontologia;Segunda A Sexta 08:00 Às 17:00;Para ter acesso o usuário deve residir na área de cobertura e realizar cadastro prévio na unidade.;-8,02113990094;-34,9044131838;USF
Us 155 Psf Professor Monteiro De Morais;Av Beberibe, 4510 - Beberibe;Beberibe;33556848;Clínico Geral, Enfermagem  E Odontologia;Segunda A Sexta 08:00 Às 17:00;Para ter acesso o usuário deve residir na área de cobertura e realizar cadastro prévio na unidade.;-8,00409891123;-34,8969181401;USF
Us 179 Psf Alto Do Céu;Rua Capitao Salgueiro, 267 - Porto Da Madeira;Porto Da Madeira;3355-6206;Clínico Geral E Enfermagem;Segunda A Sexta 08:00 Às 17:00;Para ter acesso o usuário deve residir na área de cobertura e realizar cadastro prévio na unidade.;-8,00969165338;-34,8915349122;USF
Us 221 Psf Ilha De Joaneiro;Rua Marechal Deodoro - 688, Campo Grande;Campo Grande;3355-6150;Clínico Geral, Enfermagem  E Odontologia;Segunda A Sexta 08:00 Às 17:00;Para ter acesso o usuário deve residir na área de cobertura e realizar cadastro prévio na unidade.;-8,0355987806;-34,8827653151;USF
Us 222 Psf Córrego Do Curió;Rua Corrego Do Curio, 73  - Dois Unidos;Dois Unidos;3355-4665;Clínico Geral E Enfermagem;Segunda A Sexta 08:00 Às 17:00;Para ter acesso o usuário deve residir na área de cobertura e realizar cadastro prévio na unidade.;-8,00060909891;-34,9159338209;USF
Us 226 Psf Chão De Estrelas;Rua Dr Elias Gomes, 65  - Campina Do Barreto;Campina Do Barreto;3355-6694;Clínico Geral, Enfermagem, Odontologia E Nasf;Segunda A Sexta 08:00 Às 17:00;Para ter acesso o usuário deve residir na área de cobertura e realizar cadastro prévio na unidade.;-8,01940193566;-34,8809006179;USF
Us 244 Psf Prof Antônio Francisco Areias;Av Jardim Brasilia, 145 - Peixinhos;Peixinhos;3355-6212;Clínico Geral, Enfermagem  E Odontologia;Segunda A Sexta 08:00 Às 17:00;Para ter acesso o usuário deve residir na área de cobertura e realizar cadastro prévio na unidade.;-8,01741186865;-34,874076652;USF
Us 262 Psf José Severiano Da Silva;Av Jeronimo Vilela, 794 - Campo Grande;Campo Grande;3355-6170;Clínico Geral, Enfermagem  E Odontologia;Segunda A Sexta 08:00 Às 17:00;Para ter acesso o usuário deve residir na área de cobertura e realizar cadastro prévio na unidade.;-8,02512771592;-34,8826303291;USF
Us 273 Psf Bianor Teodósio;Av Hildebrando De Vasconcelos, S/N  - Dois Unidos;Dois Unidos;3355-6094;Clínico Geral, Enfermagem  E Odontologia;Segunda A Sexta 08:00 Às 17:00;Para ter acesso o usuário deve residir na área de cobertura e realizar cadastro prévio na unidade.;-7,99317183648;-34,9124852185;USF
Us 274 Psf Tia Regina;Rua Corrego Do Deodato, 315 - Agua Fria;Agua Fria;3355-4708;Clínico Geral, Enfermagem  E Odontologia;Segunda A Sexta 08:00 Às 17:00;Para ter acesso o usuário deve residir na área de cobertura e realizar cadastro prévio na unidade.;-8,01392429646;-34,9001398211;USF
Us 276 Usf Upinha Alto Do Pascoal;Av Anibal Benevolo, S/N, Alto Do Pascoal - Linha Do Tiro;Linha Do Tiro;3355-3493;Clínico Geral, Enfermagem  E Odontologia;Segunda A Sexta 08:00 Às 17:00;Para ter acesso o usuário deve residir na área de cobertura e realizar cadastro prévio na unidade.;-8,01108239355;-34,9040850183;USF
Us 286 Psf Irmã Terezinha;Rua Da Consolacao, 09  - Peixinhos;Peixinhos;3355-6154;Clínico Geral, Enfermagem  E Odontologia;Segunda A Sexta 08:00 Às 17:00;Para ter acesso o usuário deve residir na área de cobertura e realizar cadastro prévio na unidade.;-8,02007840137;-34,8779514549;USF
Us 291 Psf Alto Dos Coqueiros Córrego Da Jaqueira;Rua Corrego Da Jaqueira, 160 - Linha Do Tiro;Linha Do Tiro;3355-4660;Clínico Geral, Enfermagem  E Odontologia;Segunda A Sexta 08:00 Às 17:00;Para ter acesso o usuário deve residir na área de cobertura e realizar cadastro prévio na unidade.;-8,00792619909;-34,9014759421;USF
Us 302 Psf Byron Sarinho;Rua Nazare, 293  - Agua Fria;Agua Fria;33556511;Clínico Geral, Enfermagem  E Odontologia;Segunda A Sexta 08:00 Às 17:00;Para ter acesso o usuário deve residir na área de cobertura e realizar cadastro prévio na unidade.;-8,01719357825;-34,895812969;USF
Us 309 Psf Ponto De Parada;Rua Ramiz Galvao, 379 - Arruda;Arruda;3355-6095;Clínico Geral, Enfermagem  E Odontologia;Segunda A Sexta 08:00 Às 17:00;Para ter acesso o usuário deve residir na área de cobertura e realizar cadastro prévio na unidade.;-8,0259956705;-34,8969722262;USF
Us 327 Psf Clube Dos Delegados;Rua Joao Cavalcanti Petribu, S/N - Dois Unidos;Dois Unidos;3355-6905;Clínico Geral, Enfermagem  E Odontologia;Segunda A Sexta 08:00 Às 17:00;Para ter acesso o usuário deve residir na área de cobertura e realizar cadastro prévio na unidade.;-7,99157592538;-34,9174388921;USF
Us 328 Psf Alto Do Maracanã;Rua Subida Medalha Milagrosa, 153, Alto Do Maracana  - Dois Unidos;Dois Unidos;3355-6972;Clínico Geral, Enfermagem  E Odontologia;Segunda A Sexta 08:00 Às 17:00;Para ter acesso o usuário deve residir na área de cobertura e realizar cadastro prévio na unidade.;-8,00386940352;-34,9084878457;USF
Us 339 Psf Alto Do Capitão;Rua Tubiracaba, S/N  - Dois Unidos;Dois Unidos;3355-6922;Clínico Geral, Enfermagem  E Odontologia;Segunda A Sexta 08:00 Às 17:00;Para ter acesso o usuário deve residir na área de cobertura e realizar cadastro prévio na unidade.;-8,00000841179;-34,9139450345;USF
Us 395 Usf Upinha 24H  Dr Fernanda Wanderley;Rua Uriel De Holanda, 300 - Linha Do Tiro;Linha Do Tiro;;Clínico Geral, Enfermagem, Odontologia E Nasf;24H;Para ter acesso o usuário deve residir na área de cobertura e realizar cadastro prévio na unidade.;-8,00533953758;-34,9000555177;USF
Us 401 Usf Upinha 24H Governador Eduardo Campos;Rua Itabira, S/N - Bomba Do Hemetério;Bomba Do Hemetério;5555-5555;Clínico Geral, Enfermagem, Odontologia E Nasf;24H;Para ter acesso o usuário deve residir na área de cobertura e realizar cadastro prévio na unidade.;-8,02415950339;-34,8996761415;USF
Us 403 Usf Upinha Dia Chié;Avenida Agamenon Magalhaes, 270 - Campo Grande;Campo Grande;3355-6695;Clínico Geral, Enfermagem, Odontologia E Nasf;Segunda A Sexta 08:00 Às 17:00;Para ter acesso o usuário deve residir na área de cobertura e realizar cadastro prévio na unidade.;-8,03723146626;-34,8741622569;USF
Us 121 Psf Prof Bruno Maia;Alto Do Refugio, S/N - Nova Descoberta;Nova Descoberta;33554416;Clínico Geral, Enfermagem  E Odontologia;Segunda A Sexta 08:00 Às 17:00;Para ter acesso o usuário deve residir na área de cobertura e realizar cadastro prévio na unidade.;-8,00138177008;-34,9248708874;USF
Us 175 Psf Dr Diogenes Cavalcanti;Rua Alto Da Brasileira,1002, Reservatorio - Nova Descoberta;Nova Descoberta;3355-6402;Clínico Geral, Enfermagem  E Odontologia;Segunda A Sexta 08:00 Às 17:00;Para ter acesso o usuário deve residir na área de cobertura e realizar cadastro prévio na unidade.;-8,00132259812;-34,9354796789;USF
Us 182 Psf Poço Da Panela;Rua Irma Maria Da Paz, 108 - Poco Da Panela;Poco Da Panela;3355-6202;Clínico Geral E Enfermagem;Segunda A Sexta 08:00 Às 17:00;Para ter acesso o usuário deve residir na área de cobertura e realizar cadastro prévio na unidade.;-8,03756229783;-34,9248941427;USF
Us 183 Psf Sítio Dos Macacos;Estrada Dos Macacos, 47. Vila Aritana - Guabiraba;Guabiraba;33550021;Clínico Geral, Enfermagem  E Odontologia;Segunda A Sexta 08:00 Às 17:00;Para ter acesso o usuário deve residir na área de cobertura e realizar cadastro prévio na unidade.;-7,99555736387;-34,9545086466;USF
Us 216 Psf Apipucos;Rua Coronel Joao Batista Do Rego Barros, 56 - Apipucos;Apipucos;3355-4632;Clínico Geral, Enfermagem  E Odontologia;Segunda A Sexta 08:00 Às 17:00;Para ter acesso o usuário deve residir na área de cobertura e realizar cadastro prévio na unidade.;-8,02076688889;-34,9341414283;USF
Us 231 Psf Córrego Da Bica;Rua Santa Tereza, S/N Corrego Da Bica - Passarinho;Passarinho;3355-6115;Clínico Geral, Enfermagem  E Odontologia;Segunda A Sexta 08:00 Às 17:00;Para ter acesso o usuário deve residir na área de cobertura e realizar cadastro prévio na unidade.;-7,98824425514;-34,9292891668;USF
Us 249 Psf Santana;Rua Olegarinha Da Cunha, 333 - Santana;Santana;3355-6222;Clínico Geral, Enfermagem  E Odontologia;Segunda A Sexta 08:00 Às 17:00;Para ter acesso o usuário deve residir na área de cobertura e realizar cadastro prévio na unidade.;-8,04106956453;-34,9194759888;USF
Us 251 Psf Da Guabiraba;Av Otacilio De Azevedo, 115 - Guabiraba;Guabiraba;3355-6522;Clínico Geral, Enfermagem  E Odontologia;Segunda A Sexta 08:00 Às 17:00;Para ter acesso o usuário deve residir na área de cobertura e realizar cadastro prévio na unidade.;-7,99406070863;-34,9361274399;USF
Us 256 Psf Passarinho Baixo;Rua Do Canario, 220  - Passarinho;Passarinho;3355-4680;Clínico Geral E Enfermagem;Segunda A Sexta 08:00 Às 17:00;Para ter acesso o usuário deve residir na área de cobertura e realizar cadastro prévio na unidade.;-7,97971519223;-34,9169398063;USF
Us 257 Psf Gilberto Freire;Av Padre Mosca De Carvalho, S/Nº  - Guabiraba;Guabiraba;33550110;Clínico Geral, Enfermagem  E Odontologia;Segunda A Sexta 08:00 Às 17:00;Para ter acesso o usuário deve residir na área de cobertura e realizar cadastro prévio na unidade.;-7,96588768702;-34,9241423009;USF
Us 258 Psf Sítio Dos Pintos;Rua Professor Agostinho Nunes Machado, S/Nº - Sitio Dos Pintos;Sitio Dos Pintos;3355-0070;Clínico Geral, Enfermagem  E Odontologia;Segunda A Sexta 08:00 Às 17:00;Para ter acesso o usuário deve residir na área de cobertura e realizar cadastro prévio na unidade.;-8,01382638317;-34,9578242085;USF
Us 259 Psf Sítio São Bráz;Terceira Travessa Da Rua Sao Braz, 60 E 60A - Dois Irmaos;Dois Irmaos;3355-0325;Clínico Geral, Enfermagem  E Odontologia;Segunda A Sexta 08:00 Às 17:00;Para ter acesso o usuário deve residir na área de cobertura e realizar cadastro prévio na unidade.;-8,01957893984;-34,9576800389;USF
Us 260 Psf Córrego Da Fortuna;Av Professor Claudio Selva, 1030 - Dois Irmaos;Dois Irmaos;3355-0177;Clínico Geral, Enfermagem  E Odontologia;Segunda A Sexta 08:00 Às 17:00;Para ter acesso o usuário deve residir na área de cobertura e realizar cadastro prévio na unidade.;-8,01179752543;-34,9521793272;USF
Us 261 Psf Alto Do Eucalipto;Rua Camboriu, 664 - Vasco Da Gama;Vasco Da Gama;3355-6082;Clínico Geral, Enfermagem  E Odontologia;Segunda A Sexta 08:00 Às 17:00;Para ter acesso o usuário deve residir na área de cobertura e realizar cadastro prévio na unidade.;-8,00853723713;-34,9194276124;USF
Us 272 Psf Santa Tereza;Rua Alto Santa Tereza, 746 - Frei Damião;Passarinho;3355-4696;Clínica Geral E Enfermagem ;Segunda A Sexta 08:00 Às 17:00;Para ter acesso o usuário deve residir na área de cobertura e realizar cadastro prévio na unidade.;-7,9862510154;-34,9268524903;USF
Us 279 Psf Passarinho Alto;Rua Das Rosas 120 - Passarinho;Passarinho;3355-6195;Clínico Geral, Enfermagem  E Odontologia;Segunda A Sexta 08:00 Às 17:00;Para ter acesso o usuário deve residir na área de cobertura e realizar cadastro prévio na unidade.;-7,9799088203;-34,9150006992;USF
Us 283 Psf Vila Boa Vista;Av Vereador Otacilio De Azevedo, 4598 - Brejo Do Beberibe;Brejo Do Beberibe;3355-6242;Clínico Geral, Enfermagem  E Odontologia;Segunda A Sexta 08:00 Às 17:00;Para ter acesso o usuário deve residir na área de cobertura e realizar cadastro prévio na unidade.;-7,99572966604;-34,9257928851;USF
Us 287 Psf Alto José Do Pinho;Rua Maragogi, 05 - Alto Jose Do Pinho;Alto Jose Do Pinho;3355-6086;Clínico Geral, Enfermagem  E Odontologia;Segunda A Sexta 08:00 Às 17:00;Para ter acesso o usuário deve residir na área de cobertura e realizar cadastro prévio na unidade.;-8,02211666849;-34,9075584874;USF
Us 288 Psf Morro Da Conceição;Rua Da Conceicao, 589 - Morro Da Conceicao;Morro Da Conceicao;3355-6526;Clínico Geral, Enfermagem  E Odontologia;Segunda A Sexta 08:00 Às 17:00;Para ter acesso o usuário deve residir na área de cobertura e realizar cadastro prévio na unidade.;-8,01956093335;-34,9157786978;USF
Us 290 Psf Da Mangabeira;Rua Da Mangabeira,364 - Mangabeira;Mangabeira;3355-6182;Clínico Geral, Enfermagem  E Odontologia;Segunda A Sexta 08:00 Às 17:00;Para ter acesso o usuário deve residir na área de cobertura e realizar cadastro prévio na unidade.;-8,0252987255;-34,9036875151;USF
Us 305 Psf Da Macaxeira;Rua Maria Candida, 87 - Macaxeira;Macaxeira;3355-6839;Clínico Geral, Enfermagem, Odontologia E Nasf;Segunda A Sexta 08:00 Às 17:00;Para ter acesso o usuário deve residir na área de cobertura e realizar cadastro prévio na unidade.;-8,01193532782;-34,9318388908;USF
Us 324 Psf Alto José Bonifacio;Praca Visconde De Sa Bandeira, S/N - Alto José Bonifácio;Alto Jose Bonifacio;3355-6074;Clínico Geral, Enfermagem  E Odontologia;Segunda A Sexta 08:00 Às 17:00;Para ter acesso o usuário deve residir na área de cobertura e realizar cadastro prévio na unidade.;-8,01224181816;-34,9123248459;USF
Us 336 Psf União Das Vilas;Rua Gomes Pacheco, 198 - Espinheiro;Espinheiro;3355-6134;Clínico Geral, Enfermagem  E Odontologia;Segunda A Sexta 08:00 Às 17:00;Para ter acesso o usuário deve residir na área de cobertura e realizar cadastro prévio na unidade.;-8,04136557255;-34,8870631454;USF
Us 350 Psf Córrego Do Eucalipto;Rua Tereza Carneiro, 26  - Macaxeira;Macaxeira;3355-6902;Clínico Geral, Enfermagem  E Odontologia;Segunda A Sexta 08:00 Às 17:00;Para ter acesso o usuário deve residir na área de cobertura e realizar cadastro prévio na unidade.;-8,00670029556;-34,9283028994;USF
Us 352 Usf Upinha 24H  Dr Hélio Mendonça Cor Do Jenipapo;Av Da Recuperacao, 6426 - Corrego Do Jenipapo;Corrego Do Jenipapo;3355-3554/3553;Clínico Geral, Enfermagem, Odontologia E Nasf;24H;Para ter acesso o usuário deve residir na área de cobertura e realizar cadastro prévio na unidade.;-8,0063927334;-34,9373132106;USF
Us 394 Usf Upinha 24H  Dr Moacyr André Gomes;Av Norte Miguel Arraes De Alencar, 5400 - Morro Da Conceicao;Morro Da Conceicao;3355-3393;Clínico Geral, Enfermagem, Odontologia E Nasf;24H;Para ter acesso o usuário deve residir na área de cobertura e realizar cadastro prévio na unidade.;-8,02266925312;-34,9134785212;USF
Us 397 Usf Upinha Dia Córrego Do Euclides;Rua Corrego Do Euclides, 316 - Alto Jose Bonifacio;Alto Jose Bonifacio;3355-6037;Clínico Geral, Enfermagem E Odontologia;Segunda A Sexta 08:00 Às 17:00;Para ter acesso o usuário deve residir na área de cobertura e realizar cadastro prévio na unidade.;-8,01705355115;-34,913305629;USF
Us 400 Usf Upinha Dia Dom Hélder;Rua Grijalba, 9 - Brejo De Beberibe;Brejo De Beberibe;33555401;Clínico Geral, Enfermagem E Odontologia;Segunda A Sexta 08:00 Às 17:00;Para ter acesso o usuário deve residir na área de cobertura e realizar cadastro prévio na unidade.;-8,00351169886;-34,9204025182;USF
Us 184 Psf Vila União;Rua Nova Alianca, S/N  - Iputinga;Iputinga;3355-4716;Clínico Geral, Enfermagem  E Odontologia;Segunda A Sexta 08:00 Às 17:00;Para ter acesso o usuário deve residir na área de cobertura e realizar cadastro prévio na unidade.;-8,03066929615;-34,9327352608;USF
Us 224 Psf Caranguejo;Rua Tabaiares, S/N Ilha Do Retiro;Ilha Do Retiro;3355-4644;Clínico Geral, Enfermagem  E Odontologia;Segunda A Sexta 08:00 Às 17:00;Para ter acesso o usuário deve residir na área de cobertura e realizar cadastro prévio na unidade.;-8,06490661952;-34,9053121757;USF
Us 225 Psf Skylab Ii;Rua Mauricio De Nassau, S/N1  - Iputinga;Iputinga;33556933;Clínico Geral, Enfermagem  E Odontologia;Segunda A Sexta 08:00 Às 17:00;Para ter acesso o usuário deve residir na área de cobertura e realizar cadastro prévio na unidade.;-8,03881197573;-34,9307208253;USF
Us 233 Psf Vietnã;Rua Eduardo Custodio, 164 - Torroes;Torroes;33556806;Clínico Geral, Enfermagem  E Odontologia;Segunda A Sexta 08:00 Às 17:00;Para ter acesso o usuário deve residir na área de cobertura e realizar cadastro prévio na unidade.;-8,06811148889;-34,9376708369;USF
Us 234 Psf Roda De Fogo Cosirof;Rua Edvaldo Maranhao Ferreira, 135 - Torroes;Torroes;3355-6423;Clínico Geral, Enfermagem  E Odontologia;Segunda A Sexta 08:00 Às 17:00;Para ter acesso o usuário deve residir na área de cobertura e realizar cadastro prévio na unidade.;-8,05838105294;-34,9392366728;USF
Us 235 Psf Roda De Fogo Sinos;Rua Dos Sinos, 35 - Torroes;Torroes;3355-6435;Clínico Geral, Enfermagem  E Odontologia;Segunda A Sexta 08:00 Às 17:00;Para ter acesso o usuário deve residir na área de cobertura e realizar cadastro prévio na unidade.;-8,05510491196;-34,9385975622;USF
Us 236 Psf Roda De Fogo Macaé;Rua Macae, 125 - Torroes;Torroes;3355-6179;Clínico Geral, Enfermagem  E Odontologia;Segunda A Sexta 08:00 Às 17:00;Para ter acesso o usuário deve residir na área de cobertura e realizar cadastro prévio na unidade.;-8,0620433128;-34,937930851;USF
Us 237 Psf Sítio Das Palmeiras;Rua Felixlandia, 176 - Cordeiro;Cordeiro;3355-6448;Clínico Geral, Enfermagem  E Odontologia;Segunda A Sexta 08:00 Às 17:00;Para ter acesso o usuário deve residir na área de cobertura e realizar cadastro prévio na unidade.;-8,0510869941;-34,9370650485;USF
Us 247 Psf Rosa Selvagem;Rua Professor Otavio Tavares, 30, Ur 07 - Varzea;Varzea;3355-0204/0206;Clínico Geral, Enfermagem  E Odontologia;Segunda A Sexta 08:00 Às 17:00;Para ter acesso o usuário deve residir na área de cobertura e realizar cadastro prévio na unidade.;-8,03240936252;-34,9778800238;USF
Us 248 Psf Barreiras;Rua Agua Clara, 145 - Varzea;Varzea;33554878;Clínico Geral, Enfermagem  E Odontologia;Segunda A Sexta 08:00 Às 17:00;Para ter acesso o usuário deve residir na área de cobertura e realizar cadastro prévio na unidade.;-8,02490291528;-34,963689972;USF
Us 252 Usf Engenho Do Meio;Rua Manoel Alves Deus Dara, 461 - Engenho Do Meio;Engenho Do Meio;33556130;Clínico Geral, Enfermagem  E Odontologia;Segunda A Sexta 08:00 Às 17:00;Para ter acesso o usuário deve residir na área de cobertura e realizar cadastro prévio na unidade.;-8,05713335968;-34,9460736773;USF
Us 254 Usf Brasilit;Rua Emiliano Braga, S/N - Brasilit - Varzea;Varzea;33556410;Clínico Geral, Enfermagem  E Odontologia;Segunda A Sexta 08:00 Às 17:00;Para ter acesso o usuário deve residir na área de cobertura e realizar cadastro prévio na unidade.;-8,0360158335;-34,9495497418;USF
Us 255 Psf Campo Do Banco;Rua Francisco Lacerda, 24- Várzea;Varzea;#N/D;Clínico Geral, Enfermagem  E Odontologia;Segunda A Sexta 08:00 Às 17:00;Para ter acesso o usuário deve residir na área de cobertura e realizar cadastro prévio na unidade.;-8,04813536527;-34,9547174904;USF
Us 280 Psf Sítio Cardoso;Rua Menezes Drumont, 99 - Madalena;Madalena;3355-6704;Clínico Geral, Enfermagem  E Odontologia;Segunda A Sexta 08:00 Às 17:00;Para ter acesso o usuário deve residir na área de cobertura e realizar cadastro prévio na unidade.;-8,051360747;-34,9093054532;USF
Us 295 Psf Cosme E Damião;Rua Tomaz Ferreira, 07 - Varzea;Varzea;32320304;Clínico Geral, Enfermagem  E Odontologia;Segunda A Sexta 08:00 Às 17:00;Para ter acesso o usuário deve residir na área de cobertura e realizar cadastro prévio na unidade.;-8,0330097023;-34,9916724381;USF
Us 331 Psf Prof Amaury De Medeiros;Rua Roraima, 102 - Varzea;Varzea;3355-0308/0309;Clínico Geral, Enfermagem  E Odontologia;Segunda A Sexta 08:00 Às 17:00;Para ter acesso o usuário deve residir na área de cobertura e realizar cadastro prévio na unidade.;-8,03628467033;-34,9798041638;USF
Us 337 Psf Sítio Wanderley;Rua Hemeterio Maciel, 311 - Varzea;Varzea;3355-6874;Clínico Geral, Enfermagem  E Odontologia;Segunda A Sexta 08:00 Às 17:00;Para ter acesso o usuário deve residir na área de cobertura e realizar cadastro prévio na unidade.;-8,03917849727;-34,9506892539;USF
Us 349 Psf Casarão Do Cordeiro;Rua Odete Monteiro, 450 - Cordeiro;Cordeiro;3355-6514;Clínico Geral, Enfermagem  E Odontologia;Segunda A Sexta 08:00 Às 17:00;Para ter acesso o usuário deve residir na área de cobertura e realizar cadastro prévio na unidade.;-8,04405423891;-34,9213252967;USF
Us 378 Psf Jardim Teresópolis;Rua Expc. Antonio Romano, S/N - Varzea;Varzea;3355-0404;Clínico Geral, Enfermagem  E Odontologia;Segunda A Sexta 08:00 Às 17:00;Para ter acesso o usuário deve residir na área de cobertura e realizar cadastro prévio na unidade.;-8,03437651247;-34,9758607727;USF
Us 442 Usf Upinha Dia Santa Luzia Emocy Krause;Rua Praça Gregorio Bezerra S/N - Torre;Torre;3355-1816/1850/1834;Clínico Geral, Enfermagem  E Odontologia;Segunda A Sexta 08:00 Às 17:00;Para ter acesso o usuário deve residir na área de cobertura e realizar cadastro prévio na unidade.;-8,04398779458;-34,9134345548;USF
Us 177 Psf Chico Mendes;Primeira Travessa Do Campo, S/Nº - Caçote;Caçote;3355-6426;Clínico Geral, Enfermagem, Odontologia E Nasf;Segunda A Sexta 08:00 Às 17:00;Para ter acesso o usuário deve residir na área de cobertura e realizar cadastro prévio na unidade.;-8,10304864422;-34,9326387231;USF
Us 186 Psf Jardim Uchôa;Rua Jupiraci, 130 - Areias;Areias;3355-6211;Clínico Geral, Enfermagem  E Odontologia;Segunda A Sexta 08:00 Às 17:00;Para ter acesso o usuário deve residir na área de cobertura e realizar cadastro prévio na unidade.;-8,10100432002;-34,9379279244;USF
Us 238 Psf Iraque;Rua Mearim, 55 - Estancia;Estancia;3355-6869;Clínico Geral, Enfermagem  E Odontologia;Segunda A Sexta 08:00 Às 17:00;Para ter acesso o usuário deve residir na área de cobertura e realizar cadastro prévio na unidade.;-8,09067369316;-34,9279012605;USF
Us 239 Psf Coqueiral I E Ii;Rua Maria Tereza, 174 - Coqueiral;Coqueiral;3355-0216/0217;Clínico Geral, Enfermagem  E Odontologia;Segunda A Sexta 08:00 Às 17:00;Para ter acesso o usuário deve residir na área de cobertura e realizar cadastro prévio na unidade.;-8,08532565947;-34,9696797397;USF
Us 245 Psf Planeta Dos Macacos Ii;Rua Edgar Carneiro, 929  - Jardim Sao Paulo;Jardim Sao Paulo;3355-0059;Clínico Geral, Enfermagem  E Odontologia;Segunda A Sexta 08:00 Às 17:00;Para ter acesso o usuário deve residir na área de cobertura e realizar cadastro prévio na unidade.;-8,07802767457;-34,9504838736;USF
Us 265 Psf Mangueira I;Rua Jupiacara, 70 -San Martin;San Martin;3355-6186;Clínico Geral, Enfermagem  E Odontologia;Segunda A Sexta 08:00 Às 17:00;Para ter acesso o usuário deve residir na área de cobertura e realizar cadastro prévio na unidade.;-8,07536369661;-34,9247948866;USF
Us 266 Psf Mangueira Ii;Rua Feliciano Castilho, 64 - Mangueira;Mangueira;3355-6686;Clínico Geral, Enfermagem  E Odontologia;Segunda A Sexta 08:00 Às 17:00;Para ter acesso o usuário deve residir na área de cobertura e realizar cadastro prévio na unidade.;-8,07548113027;-34,9205853168;USF
Us 284 Psf Vila São Miguel Marrom Glace;Rua Mariapolis, 132  - Afogados;Afogados;3355-6932;Clínico Geral, Enfermagem  E Odontologia;Segunda A Sexta 08:00 Às 17:00;Para ter acesso o usuário deve residir na área de cobertura e realizar cadastro prévio na unidade.;-8,08238804624;-34,9117945894;USF
Us 294 Psf Vila Tamandaré  Beirinha;Rua Dias Cardoso, 11 - Areias;Areias;3355-6254;Clínico Geral, Enfermagem  E Odontologia;Segunda A Sexta 08:00 Às 17:00;Para ter acesso o usuário deve residir na área de cobertura e realizar cadastro prévio na unidade.;-8,09353714788;-34,9244503242;USF
Us 300 Psf Dr Geraldo Barreto Campelo San Martin;Rua Comendador Franco Ferreira, 876  - San Martin;San Martin;3355-6126;Clínico Geral, Enfermagem  E Odontologia;Segunda A Sexta 08:00 Às 17:00;Para ter acesso o usuário deve residir na área de cobertura e realizar cadastro prévio na unidade.;-8,07309587841;-34,9290958415;USF
Us 301 Psf Bongi Boa Idéia;Rua Araguaia, 83 - San Martin;San Martin;3355-4636;Clínico Geral, Enfermagem  E Odontologia;Segunda A Sexta 08:00 Às 17:00;Para ter acesso o usuário deve residir na área de cobertura e realizar cadastro prévio na unidade.;-8,06929627585;-34,9240374508;USF
Us 323 Psf Mustardinha;Rua Major Mario Portela, 472 - Mustardinha;Mustardinha;3355-6710;Clínico Geral E Enfermagem  ;Segunda A Sexta 08:00 Às 17:00;Para ter acesso o usuário deve residir na área de cobertura e realizar cadastro prévio na unidade.;-8,0676770078;-34,9157204469;USF
Us 338 Usf Upinha Dia Jardim São Paulo;Praca Jardim Sao Paulo, 605  - Jardim Sao Paulo;Jardim Sao Paulo;3355-6138;Clínico Geral, Enfermagem E Odontologia;Segunda A Sexta 08:00 Às 17:00;Para ter acesso o usuário deve residir na área de cobertura e realizar cadastro prévio na unidade.;-8,08210711516;-34,9387978215;USF
Us 344 Psf Jiquiá I E Ii;Rua Bezinha, 137 - Jiquia;Jiquia;3355-4676;Clínico Geral, Enfermagem  E Odontologia;Segunda A Sexta 08:00 Às 17:00;Para ter acesso o usuário deve residir na área de cobertura e realizar cadastro prévio na unidade.;-8,08410456079;-34,9241164046;USF
Us 345 Psf Planeta Dos Macacos I;Rua Quatro De Setembro, 145 - Curado;Curado;3355-0157/3355-0035;Clínico Geral E Enfermagem  ;Segunda A Sexta 08:00 Às 17:00;Para ter acesso o usuário deve residir na área de cobertura e realizar cadastro prévio na unidade.;-8,08164773943;-34,9535722639;USF
Us 393 Upinha Dia Usf Bongi Novo Prado;Rua Isaac Markman, 100 - Bongi;Bongi;33559567;Clínico Geral, Enfermagem, Odontologia E Nasf;Segunda A Sexta 08:00 Às 17:00;Para ter acesso o usuário deve residir na área de cobertura e realizar cadastro prévio na unidade.;-8,06371795481;-34,9229062789;USF
Us 399 Usf Upinha Dia Novo Jiquiá;Rua Biguacu, 10 - Jiquia;Jiquia;3355-3806;Clínico Geral, Enfermagem E Odontologia;Segunda A Sexta 08:00 Às 17:00;Para ter acesso o usuário deve residir na área de cobertura e realizar cadastro prévio na unidade.;-8,07805144288;-34,9245202669;USF
Us 137 Psf Borborema Dr Djair Brindeiro;Rua Cosmorama, S/N  - Boa Viagem;Boa Viagem;33550119;Clínico Geral, Enfermagem  E Odontologia;Segunda A Sexta 08:00 Às 17:00;Para ter acesso o usuário deve residir na área de cobertura e realizar cadastro prévio na unidade.;-8,14813320109;-34,9135759982;USF
Us 172 Psf Três Carneiros;Rua Ibitiara, 154 - Tres Carneiros Alto - Cohab;Cohab;3355-4713;Clínico Geral, Enfermagem  E Odontologia;Segunda A Sexta 08:00 Às 17:00;Para ter acesso o usuário deve residir na área de cobertura e realizar cadastro prévio na unidade.;-8,12535688953;-34,9582189795;USF
Us 173 Psf Dancing Days;Rua Dancing Days, 109  - Imbiribeira;Imbiribeira;33556119;Clínico Geral, Enfermagem  E Odontologia;Segunda A Sexta 08:00 Às 17:00;Para ter acesso o usuário deve residir na área de cobertura e realizar cadastro prévio na unidade.;-8,10369000417;-34,9216864536;USF
Us 174 Psf Sítio Grande;Av Luxemburgo, 254, Sitio Grande - Imbiribeira;Imbiribeira;3355-6685;Clínico Geral, Enfermagem  E Odontologia;Segunda A Sexta 08:00 Às 17:00;Para ter acesso o usuário deve residir na área de cobertura e realizar cadastro prévio na unidade.;-8,10219534713;-34,9125819713;USF
Us 187 Psf Ilha De Deus;Rua Sao Jose, S/N, Ilha De Deus  - Pina;Pina;3355-6936;Clínico Geral, Enfermagem  E Odontologia;Segunda A Sexta 08:00 Às 17:00;Para ter acesso o usuário deve residir na área de cobertura e realizar cadastro prévio na unidade.;-8,08707909931;-34,901919728;USF
Us 228 Usf Upinha Dia Des José Manoel De Freitas Ur 4Ur 5;Rua Capitao Vicente Curado, 33 - Ur 04 - Cohab;Cohab;3355-6166;Clínico Geral, Enfermagem, Odontologia E Nasf;Segunda A Sexta 08:00 Às 17:00;Para ter acesso o usuário deve residir na área de cobertura e realizar cadastro prévio na unidade.;-8,1320046228;-34,9482599648;USF
Us 229 Psf Ur 10;Rua Monte Alegre, 132, Ur 10 - Cohab;Cohab;3355-6909;Clínico Geral, Enfermagem  E Odontologia;Segunda A Sexta 08:00 Às 17:00;Para ter acesso o usuário deve residir na área de cobertura e realizar cadastro prévio na unidade.;-8,13668471817;-34,9526296604;USF
Us 230 Psf Lagoa Encantada;Av Dr Benigno Jordao De Vasconcelos, S/N - Cohab;Cohab;3355-6174;Clínico Geral, Enfermagem  E Odontologia;Segunda A Sexta 08:00 Às 17:00;Para ter acesso o usuário deve residir na área de cobertura e realizar cadastro prévio na unidade.;-8,12006550666;-34,9504664963;USF
Us 250 Psf Ur12 Ur5 3 Etapa;Rua Francisco Miranda, 16 - Cohab;Cohab;3355-6690;Clínico Geral, Enfermagem  E Odontologia;Segunda A Sexta 08:00 Às 17:00;Para ter acesso o usuário deve residir na área de cobertura e realizar cadastro prévio na unidade.;-8,12624034178;-34,9531037877;USF
Us 267 Psf Ur 2;Av Santa Fe, 240 - Ur 02 - Cohab;Cohab;3355-6239;Clínico Geral, Enfermagem  E Odontologia;Segunda A Sexta 08:00 Às 17:00;Para ter acesso o usuário deve residir na área de cobertura e realizar cadastro prévio na unidade.;-8,11714908398;-34,955253543;USF
Us 268 Psf Cafesópolis;Rua Mascarenhas De Moraes, S/N  - Imbiribeira;Imbiribeira;3355-6098;Clínico Geral, Enfermagem  E Odontologia;Segunda A Sexta 08:00 Às 17:00;Para ter acesso o usuário deve residir na área de cobertura e realizar cadastro prévio na unidade.;-8,09896758191;-34,9098703592;USF
Us 269 Psf Beira Do Rio Comunidade Boa Viagem;Rua Ribeiro De Brito, 1361  - Boa Viagem;Boa Viagem;3355-6090;Clínico Geral, Enfermagem  E Odontologia;Segunda A Sexta 08:00 Às 17:00;Para ter acesso o usuário deve residir na área de cobertura e realizar cadastro prévio na unidade.;-8,12318383739;-34,9088699483;USF
Us 270 Psf Monte Verde;Av Chapada Do Araripe, 116 - Cohab;Cohab;33556159;Clínico Geral, Enfermagem  E Odontologia;Segunda A Sexta 08:00 Às 17:00;Para ter acesso o usuário deve residir na área de cobertura e realizar cadastro prévio na unidade.;-8,11513498384;-34,9597781241;USF
Us 281 Psf Vila Dos Milagres;Rua Das Flores, 60, Vila Dos Milagres  - Cohab;Cohab;3355-6251;Clínico Geral, Enfermagem  E Odontologia;Segunda A Sexta 08:00 Às 17:00;Para ter acesso o usuário deve residir na área de cobertura e realizar cadastro prévio na unidade.;-8,11309412534;-34,9459844534;USF
Us 282 Psf Vila Das Aeromoças;Rua Aiquara, 25 -  Vila Das Aeromocas - Cohab;Cohab;3355-4620;Clínico Geral, Enfermagem  E Odontologia;Segunda A Sexta 08:00 Às 17:00;Para ter acesso o usuário deve residir na área de cobertura e realizar cadastro prévio na unidade.;-8,13637360577;-34,9570990611;USF
Us 289 Psf Josué De Castro;Av Coracao De Jesus, S/N Ur 03 - Barro;Barro;3355-3037;Clínico Geral, Enfermagem  E Odontologia;Segunda A Sexta 08:00 Às 17:00;Para ter acesso o usuário deve residir na área de cobertura e realizar cadastro prévio na unidade.;-8,11086833221;-34,952687695;USF
Us 292 Psf Vila Do Ipsep;Rua Virginia Heraclio, S/N - Ipsep;Ipsep;3355-6687;Clínico Geral, Enfermagem  E Odontologia;Segunda A Sexta 08:00 Às 17:00;Para ter acesso o usuário deve residir na área de cobertura e realizar cadastro prévio na unidade.;-8,10481123702;-34,9231626791;USF
Us 296 Psf Coqueiral Imbiribeira;Rua Sargento Silvino De Macedo, 129  - Imbiribeira;Imbiribeira;3355-6103;Clínico Geral, Enfermagem  E Odontologia;Segunda A Sexta 08:00 Às 17:00;Para ter acesso o usuário deve residir na área de cobertura e realizar cadastro prévio na unidade.;-8,11335592777;-34,9068882494;USF
Us 297 Psf Do Pina;Rua Barreiros, 90 - Beira Rio - Pina;Pina;33554686;Clínico Geral, Enfermagem  E Odontologia;Segunda A Sexta 08:00 Às 17:00;Para ter acesso o usuário deve residir na área de cobertura e realizar cadastro prévio na unidade.;-8,09012858398;-34,8850335221;USF
Us 298 Psf Jordão Alto;Av Dona Carentina, Qd B/ Lote Ii  - Jordao;Jordao;3355-6162;Clínico Geral, Enfermagem  E Odontologia;Segunda A Sexta 08:00 Às 17:00;Para ter acesso o usuário deve residir na área de cobertura e realizar cadastro prévio na unidade.;-8,13480988184;-34,9410105608;USF
Us 299 Psf Jordão Baixo;Rua Jose Matorano, 100  - Ibura;Ibura;3355-3407;Clínico Geral, Enfermagem  E Odontologia;Segunda A Sexta 08:00 Às 17:00;Para ter acesso o usuário deve residir na área de cobertura e realizar cadastro prévio na unidade.;-8,13010587629;-34,9393806032;USF
Us 311 Psf Água Viva;Rua Tanabi, S/N, Lote 4  - Ibura;Ibura;3355-6825;Clínica Geral E Enfermagem ;Segunda A Sexta 08:00 Às 17:00;Para ter acesso o usuário deve residir na área de cobertura e realizar cadastro prévio na unidade.;-8,12692915315;-34,9414801067;USF
Us 312 Psf Vila Do Sesi;Rua Professor Fernando Mota, 217 - Ibura;Ibura;33556246;Clínico Geral, Enfermagem, Odontologia E Nasf;Segunda A Sexta 08:00 Às 17:00;Para ter acesso o usuário deve residir na área de cobertura e realizar cadastro prévio na unidade.;-8,10948109641;-34,9393865294;USF
Us 313 Psf Três Carneiros Baixo Zumbi Do Pacheco;Av Campo Verde, S/N - Tres Carneiros Baixo - Cohab;Cohab;3355-4712;Clínico Geral, Enfermagem  E Odontologia;Segunda A Sexta 08:00 Às 17:00;Para ter acesso o usuário deve residir na área de cobertura e realizar cadastro prévio na unidade.;-8,12778534969;-34,9561387931;USF
Us 314 Psf Rio Da Prata;Rua Rio Da Prata, 455 - Ibura;Ibura;3355-6215;Clínica Geral E Enfermagem ;Segunda A Sexta 08:00 Às 17:00;Para ter acesso o usuário deve residir na área de cobertura e realizar cadastro prévio na unidade.;-8,11882485794;-34,9370130008;USF
Us 315 Psf Ur 3;Av Engenho Babilonia, 168 - Cohab;Cohab;3355-6452;Clínico Geral, Enfermagem  E Odontologia;Segunda A Sexta 08:00 Às 17:00;Para ter acesso o usuário deve residir na área de cobertura e realizar cadastro prévio na unidade.;-8,11256232098;-34,9496985825;USF
Us 316 Psf Bernard Van Leer;Rua Das Oficinas, S/N - Brasilia Teimosa;Brasilia Teimosa;33556406;Clínico Geral, Enfermagem, Odontologia E Nasf;Segunda A Sexta 08:00 Às 17:00;Para ter acesso o usuário deve residir na área de cobertura e realizar cadastro prévio na unidade.;-8,08534369039;-34,8836663375;USF
Us 317 Psf Alto Bela Vista;Rua Dermeval Lobao, 672  - Ibura;Ibura;3355-6078;Clínica Geral E Enfermagem ;Segunda A Sexta 08:00 Às 17:00;Para ter acesso o usuário deve residir na área de cobertura e realizar cadastro prévio na unidade.;-8,12361385674;-34,9414432628;USF
Us 326 Psf Jader Da Andrade Comunidade Entra Apulso;Rua Coronel Anisio Rodrigues Coelho, 08 -Qd 121  - Boa Viagem;Boa Viagem;33554672;Clínico Geral, Enfermagem, Odontologia E Nasf;Segunda A Sexta 08:00 Às 17:00;Para ter acesso o usuário deve residir na área de cobertura e realizar cadastro prévio na unidade.;-8,12125358537;-34,9069660741;USF
Us 341 Psf Prof Fernando Figueira;Rua Bandeirante Raposo Tavares,100 Pantanal  - Ibura;Ibura;3355-4684;Clínico Geral, Enfermagem  E Odontologia;Segunda A Sexta 08:00 Às 17:00;Para ter acesso o usuário deve residir na área de cobertura e realizar cadastro prévio na unidade.;-8,10743598211;-34,9583575305;USF
Us 342 Psf Djalma De Holanda Cavalcante;Rua Delfin, 87  - Brasilia Teimosa;Brasilia Teimosa;3355-6122;Clínico Geral, Enfermagem  E Odontologia;Segunda A Sexta 08:00 Às 17:00;Para ter acesso o usuário deve residir na área de cobertura e realizar cadastro prévio na unidade.;-8,08016855297;-34,8779382661;USF
Us 346 Psf Alto Da Jaqueira;Rua Vinte E Dois De Agosto, 56 - Ibura;Ibura;3355-4625;Clínico Geral, Enfermagem  E Odontologia;Segunda A Sexta 08:00 Às 17:00;Para ter acesso o usuário deve residir na área de cobertura e realizar cadastro prévio na unidade.;-8,13442938351;-34,9338420076;USF
Us 347 Psf Parque Dos Milagres;Rua Clara Nunes S/N - Alto Dos Milagres - Cohab;Cohab;3355-6191;Clínico Geral, Enfermagem  E Odontologia;Segunda A Sexta 08:00 Às 17:00;Para ter acesso o usuário deve residir na área de cobertura e realizar cadastro prévio na unidade.;-8,10609594431;-34,9503014183;USF
Us 351 Psf Paz E Amor;Rua Senador Pompeu, 120 - Ibura;Ibura;3355-6650;Clínico Geral, Enfermagem  E Odontologia;Segunda A Sexta 08:00 Às 17:00;Para ter acesso o usuário deve residir na área de cobertura e realizar cadastro prévio na unidade.;-8,11604910806;-34,9298493152;USF
Us 373 Psf Cidade Operária;Rua Emilio Monteiro Fonseca, 1688 - Ibura;Ibura;3355-3032;Clínico Geral, Enfermagem  E Odontologia;Segunda A Sexta 08:00 Às 17:00;Para ter acesso o usuário deve residir na área de cobertura e realizar cadastro prévio na unidade.;-8,12552461894;-34,9369440227;USF
Us 167 Maternidade Professor Barros Lima;Av Norte, 6465 - Casa Amarela;Casa Amarela;3355-2172;Colposcopia, Ginecologia, Pediatria, Ultrassonografia, Climatério, Pré-Natal (Baixo Risco E Alto Risco), Citologia, Psicologia, Planejamento Familiar, Nutricionista, Serviço Social, Fonoaudiologia (Teste Da Orelhinha);2ª A 6ª Feira – 8H Às 17H (Serviço De Pronto Atendimento - Spa/Maternidade E Serviço Odontológico De Urgência - Sou 24H);As usuárias são encaminhadas pelas  unidade de saúde onde realizam suas consulta. os atendimentos de urgências e emergências por demanda espontânea.;-8,02137332259;-34,9231432677;Maternidade
Us 165 Maternidade Bandeira Filho;Rua Londrina, S/N  - Afogados;Afogados;3355-2233;Ultrassonografia- Ginecologia- Pré-Natal De Baixo Risco- Colposcopia- Pediatria- Mastologia- Planejamento Familiar-  Vídeo Histeroscopia Diagnóstica, Pré Natal De Risco Habitual, Fonoaudiologia (Teste Da Orelhinha);2ª A 6ª Feira – 8H Às 17H (Serviço De Pronto Atendimento - Spa/Maternidade  24H);As usuárias são encaminhadas pelas  unidade de saúde onde realizam suas consulta. os atendimentos de urgências e emergências por demanda espontânea.;-8,07899676307;-34,9109123014;Maternidade
Us 153 Maternidade Arnaldo Marques;Av Dois Rios, S/N - Cohab;Cohab;3355-1815;Ultrassonografia, Pré Natal De Alto Risco, Endocrinologia, Mastologia, Nutricionista, Fonoaudiologia (Teste Da Orelhinha), Pediatria, Odontologia 24H;2ª A 6ª Feira – 8H Às 17H (Serviço De Pronto Atendimento - Spa/Maternidade E Serviço Odontológico De Urgência - Sou 24H);As usuárias são encaminhadas pelas  unidade de saúde onde realizam suas consulta. os atendimentos de urgências e emergências por demanda espontânea.;-8,11987714224;-34,9443287273;Maternidade
Us 123 Cs Prof César Montezuma;Av Cais Do Apolo, 925 -  Bairro Do Recife;Bairro Do Recife;3355-4420;Clínica Geral, Odontologia Clínica;Segunda A Sexta 08:00 Às 17:00;Para ter acesso o usuário deve residir na área de cobertura e realizar cadastro prévio na unidade.;-8,05433824479;-34,8721674263;USB
Us 155 Cs Prof Monteiro De Morais;Av Beberibe, 4510 - Beberibe;Beberibe;3355-6848;Ginecologia, Pediatria, Clinica Medica;Segunda A Sexta 08:00 Às 17:00;Para ter acesso o usuário deve residir na área de cobertura e realizar cadastro prévio na unidade.;-8,00393487891;-34,8966966079;USB
Us 103 Cs Prof Mário Ramos;Rua Oscar De Barros, S/Nº - Casa Amarela;Casa Amarela;3355-4434;Ginecologista, Pediatria, Clinica Medica, Odontologia, Medico Do Trabalho, Psicologia, Fisioterapia;Segunda A Sexta 08:00 Às 17:00;Para ter acesso o usuário deve residir na área de cobertura e realizar cadastro prévio na unidade.;-8,02287521252;-34,9161884653;USB
Us 109 Cs Francisco Pignatari;Estrada Do Arraial, S/N1 - Casa Amarela;Casa Amarela;3355-4400;Clínica Médica, Ginecologia, Odontologia, Dermatologia, Nutrição;Segunda A Sexta 08:00 Às 17:00;Para ter acesso o usuário deve residir na área de cobertura e realizar cadastro prévio na unidade.;-8,02755901116;-34,9186940689;USB
Us 120 Cs Mário Monteiro Melo;Rua Nova Descoberta, 99  - Nova Descoberta;Nova Descoberta;3355-4385;Clínica Médica, Pediatria, Ginecologia, Odontologia;Segunda A Sexta 08:00 Às 17:00;Para ter acesso o usuário deve residir na área de cobertura e realizar cadastro prévio na unidade.;-8,01897516671;-34,9263286638;USB
Us 121 Cs Prof Bruno Maia;Alto Do Refugio, S/N - Nova Descoberta;Nova Descoberta;3355-4416;Pediatria, Ginecologia;Segunda A Sexta 08:00 Às 17:00;Para ter acesso o usuário deve residir na área de cobertura e realizar cadastro prévio na unidade.;-8,00130829104;-34,9247265631;USB
Us 152 Cs Iná Rosa Borges;Rua Senador Milton Campos, S/N  - Vasco Da Gama;Vasco Da Gama;3355-4408;Clínica Médica,  Ginecologia, Odontologia, Dermatologia, Pediatria;Segunda A Sexta 08:00 Às 17:00;Para ter acesso o usuário deve residir na área de cobertura e realizar cadastro prévio na unidade.;-8,01629782987;-34,9210997659;USB
Us 171 Cs Joaquim Costa Carvalho;Rua Sirigi, S/N - Alto Do Mandu;Alto Do Mandu;3355-4412;Clínica Médica, Pediatria, Ginecologia, Odontologia;Segunda A Sexta 08:00 Às 17:00;Para ter acesso o usuário deve residir na área de cobertura e realizar cadastro prévio na unidade.;-8,02434824565;-34,9284859357;USB
Us 106 Cs Prof Joaquim Cavalcante;Av Do Forte, 1350 - Torroes;Torroes;3355-4425;Clinica Medica, Pediatria, Ginecologia, Odontologia;Segunda A Sexta 08:00 Às 17:00;Para ter acesso o usuário deve residir na área de cobertura e realizar cadastro prévio na unidade.;-8,05888388976;-34,9319138572;USB
Us 112 Cs Dr José Dustan Carvalho Soares;Rua Mauricio De Nassau S/N Caiara  - Iputinga;Iputinga;33554388;Clinica Medica, Odontologia, Pediatria, Dermatologia;Segunda A Sexta 08:00 Às 17:00;Para ter acesso o usuário deve residir na área de cobertura e realizar cadastro prévio na unidade.;-8,03856413665;-34,9310490866;USB
Us 149 Cs Olinto Oliveira;Rua São Francisco De Paula, 47- Caxangá;Caxanga;3355-6442/6443;Clínico Geral, Enfermagem,  Ginecologia, Dermatologia  E Odontologia;Segunda A Sexta 08:00 Às 17:00;Para ter acesso o usuário deve residir na área de cobertura e realizar cadastro prévio na unidade.;-8,03069297999;-34,9557636317;USB
Us 117 Cs Gaspar Regueira Costa;Rua Padre Diogo Rodrigues, 144 - Barro;Barro;3355-4404;Clínica Médica, Pediatria,  Ginecologia, Odontologia Com Odontopediatra;Segunda A Sexta 08:00 Às 17:00;Para ter acesso o usuário deve residir na área de cobertura e realizar cadastro prévio na unidade.;-8,08983612925;-34,9422091091;USB
Us 142 Cs Bidu Krause;Av Onze De Agosto, S/N - Toto;Toto;3355-0301;Clinica Médica,  Pediatria, Ginecologia, Odontologia, Fisioterapia, Dermatologia;Segunda A Sexta 08:00 Às 17:00;Para ter acesso o usuário deve residir na área de cobertura e realizar cadastro prévio na unidade.;-8,07937775047;-34,9703681618;USB
Us 150 Cs Professor Fernandes Figueiras;Av São Paulo, 605  - Jardim São Paulo;Jardim Sao Paulo;3355-4396;Clínica Médica, Ginecologia, Nutrição;Segunda A Sexta 08:00 Às 17:00;Para ter acesso o usuário deve residir na área de cobertura e realizar cadastro prévio na unidade.;-8,08120706352;-34,9403475908;USB
Us 158 Pam Ceasa;Br 101 Girador Do Curado - Curado;Curado;3355-0090;Clinica Medica, Pediatria, Ginecologia, Odontologia;Segunda A Sexta 08:00 Às 17:00;Para ter acesso o usuário deve residir na área de cobertura e realizar cadastro prévio na unidade.;-8,07289705871;-34,9434788213;USB
Us 161 Cs Prof Romero Marques;Rua Carlos Gomes, 932 - Prado;Prado;33554440;Clinica Medica, Ginecologia, Odontologia Com Odontopediatra, Pediatria;Segunda A Sexta 08:00 Às 17:00;Para ter acesso o usuário deve residir na área de cobertura e realizar cadastro prévio na unidade.;-8,0638141226;-34,9137048089;USB
Us 104 Cs Sebastião Ivo Rabelo;Av Campina Grande, S/N, Ur 1- Cohab;Cohab;33555445;Clínica Médica, Pediatria, Ginecologia, Odontologia, Reumatologia, Dermatologia, Psicologia, Psiquiatria;Segunda A Sexta 08:00 Às 17:00;Para ter acesso o usuário deve residir na área de cobertura e realizar cadastro prévio na unidade.;-8,11972179209;-34,9481235001;USB
Us 113 Cs Dr Aristarco Azevedo;Rua Bahia, 29  - Jordao;Jordao;3355-4380;Pediatria, Ginecologia, Clínica Médica;Segunda A Sexta 08:00 Às 17:00;Para ter acesso o usuário deve residir na área de cobertura e realizar cadastro prévio na unidade.;-8,13157772571;-34,9370099337;USB
Us 119 Cs Prof José Carneiro Leão;Rua Nogueira De Souza, 334  - Pina;Pina;3355-4428;Clínica Médica, Pediatria, Ginecologia, Odontologia Com Odontopediatria;Segunda A Sexta 08:00 Às 17:00;Para ter acesso o usuário deve residir na área de cobertura e realizar cadastro prévio na unidade.;-8,08741278665;-34,8897945879;USB
Us 126 Cs Ver Romildo Gomes;Rua Jalisco, S/N  - Imbiribeira;Imbiribeira;3355-4448;Clínica Médica, Pediatria, Ginecologia, Odontologia Com Ceo, Acupuntura, Psicologia, Gastroenterologia, Cardiologia, Dermatologia, Psiquiatria, Pneumologia, Geriatria, Endocrinologia.;Segunda A Sexta 08:00 Às 17:00;Para ter acesso o usuário deve residir na área de cobertura e realizar cadastro prévio na unidade.;-8,11682838797;-34,9109908443;USB
Us 137 Cs Prof Djair Brindeiro;Rua Cosmorama, S/N  - Boa Viagem;Boa Viagem;3355-0119;Clínica Médica, Ginecologia;Segunda A Sexta 08:00 Às 17:00;Para ter acesso o usuário deve residir na área de cobertura e realizar cadastro prévio na unidade.;-8,14823767649;-34,9137397316;USB
Us 148 Cs Dom Miguel De Lima Valverde;Rua Feliciano Jose De Farias, 195  - Boa Viagem;Boa Viagem;33550061;Clínica Médica, Pediatria, Ginecologia, Dermatologia, Endocrinologia, Nutrição, Odontologia, Psicologia, Geriatria, Colposcopia.;Segunda A Sexta 08:00 Às 17:00;Para ter acesso o usuário deve residir na área de cobertura e realizar cadastro prévio na unidade.;-8,13342108939;-34,904659968;USB
